prodcodeid,formulation,routeofadministration,substancestrength,drugissues,productname,termfromemis,drugsubstancename,drug_ccb
10217641000033116,Tablet/ Oral Tablet,Oral,4.000mg,11,molap 4mg tablets,molap 4mg tablets (rivopharm (uk) ltd),lacidipine,1
10387441000033111,Oral solution,Oral,2.000mg/1.000ml,6290,amlodipine 10mg/5ml oral solution sugar free,amlodipine 10mg/5ml oral solution sugar free,amlodipine,1
1093941000033116,Modified-release tablet,Oral,2.500mg,85094,plendil 2.5mg modified-release tablets,plendil 2.5mg modified-release tablets (astrazeneca uk ltd),felodipine,1
1094041000033119,Modified-release tablet,Oral,10.000mg,99207,plendil 10mg modified-release tablets,plendil 10mg modified-release tablets (astrazeneca uk ltd),felodipine,1
1094141000033115,Modified-release tablet,Oral,5.000mg,164559,plendil 5mg modified-release tablets,plendil 5mg modified-release tablets (astrazeneca uk ltd),felodipine,1
1140241000033117,Tablet/ Oral Tablet,Oral,2.500mg,16079,prescal 2.5mg tablets,prescal 2.5mg tablets (novartis pharmaceuticals uk ltd),isradipine,1
12372341000033117,Modified-release tablet,Oral,30.000mg,1439,nidef 30mg modified-release tablets,nidef 30mg modified-release tablets (morningside healthcare ltd),nifedipine,1
12372441000033111,Modified-release tablet,Oral,60.000mg,1050,nidef 60mg modified-release tablets,nidef 60mg modified-release tablets (morningside healthcare ltd),nifedipine,1
124341000033119,Modified-release capsule,Oral,50.000mg + 20.000mg,159698,beta-adalat modified-release capsules,beta-adalat modified-release capsules (bayer plc),atenolol/ nifedipine,1
12682241000033110,Oral suspension,Oral,1.000mg/1.000ml,5769,amlodipine 5mg/5ml oral suspension sugar free,amlodipine 5mg/5ml oral suspension sugar free,amlodipine,1
1274741000033119,Tablet/ Oral Tablet,Oral,120.000mg,19899,securon 120mg tablets,securon 120mg tablets (abbott laboratories ltd),verapamil hydrochloride,1
1275141000033117,Modified-release tablet,Oral,240.000mg,633673,securon sr 240mg tablets,securon sr 240mg tablets (viatris uk healthcare ltd),verapamil hydrochloride,1
13344441000033112,Tablet/ Oral Tablet,Oral,6.000mg,5286,lacidipine 6mg tablets,lacidipine 6mg tablets,lacidipine,1
13422241000033114,Tablet/ Oral Tablet,Oral,2.500mg,145055,amlodipine 2.5mg tablets,amlodipine 2.5mg tablets,amlodipine,1
1346441000033111,Modified-release capsule,Oral,120.000mg,468608,slozem 120mg capsules,slozem 120mg capsules (zentiva pharma uk ltd),diltiazem hydrochloride,1
1346541000033112,Modified-release capsule,Oral,180.000mg,456337,slozem 180mg capsules,slozem 180mg capsules (zentiva pharma uk ltd),diltiazem hydrochloride,1
1346641000033113,Modified-release capsule,Oral,240.000mg,447469,slozem 240mg capsules,slozem 240mg capsules (zentiva pharma uk ltd),diltiazem hydrochloride,1
13788341000033118,Modified-release tablet,Oral,20.000mg,45,dexipress mr 20mg tablets,dexipress mr 20mg tablets (dexcel-pharma ltd),nifedipine,1
1401341000033110,Modified-release tablet,Oral,10.000mg,361,syscor mr 10 tablets,syscor mr 10 tablets (forest laboratories uk ltd),nisoldipine,1
1401441000033116,Modified-release tablet,Oral,20.000mg,189,syscor mr 20 tablets,syscor mr 20 tablets (forest laboratories uk ltd),nisoldipine,1
14040241000033115,Modified-release tablet,Oral,2.500mg,14592,delofine xl 2.5mg tablets,delofine xl 2.5mg tablets (morningside healthcare ltd),felodipine,1
14040341000033113,Modified-release tablet,Oral,5.000mg,18920,delofine xl 5mg tablets,delofine xl 5mg tablets (morningside healthcare ltd),felodipine,1
14040441000033119,Modified-release tablet,Oral,10.000mg,14937,delofine xl 10mg tablets,delofine xl 10mg tablets (morningside healthcare ltd),felodipine,1
14041000033115,Capsule/ Oral capsule,Oral,10.000mg,234443,adalat 10mg capsules,adalat 10mg capsules (bayer plc),nifedipine,1
1406341000033117,Modified-release capsule,Oral,2.000mg + 180.000mg,17183,tarka modified-release capsules,tarka modified-release capsules (abbott laboratories ltd),trandolapril/ verapamil hydrochloride,1
14141000033116,Capsule/ Oral capsule,Oral,5.000mg,148902,adalat 5mg capsules,adalat 5mg capsules (bayer plc),nifedipine,1
1414941000033114,Modified-release capsule,Oral,50.000mg + 20.000mg,352118,tenif 50mg/20mg modified-release capsules,tenif 50mg/20mg modified-release capsules (astrazeneca uk ltd),atenolol/ nifedipine,1
1421241000033110,Modified-release tablet,Oral,10.000mg,76918,tensipine mr 10 tablets,tensipine mr 10 tablets (genus pharmaceuticals ltd),nifedipine,1
1421341000033117,Modified-release tablet,Oral,20.000mg,79174,tensipine mr 20 tablets,tensipine mr 20 tablets (genus pharmaceuticals ltd),nifedipine,1
1441741000033119,Modified-release capsule,Oral,300.000mg,1074530,tildiem la 300 capsules,tildiem la 300 capsules (sanofi),diltiazem hydrochloride,1
1441841000033112,Modified-release capsule,Oral,200.000mg,1732923,tildiem la 200 capsules,tildiem la 200 capsules (sanofi),diltiazem hydrochloride,1
1442741000033113,Modified-release tablet,Oral,120.000mg,891931,tildiem retard 120mg tablets,tildiem retard 120mg tablets (sanofi),diltiazem hydrochloride,1
1442841000033115,Modified-release tablet,Oral,90.000mg,1246329,tildiem retard 90mg tablets,tildiem retard 90mg tablets (sanofi),diltiazem hydrochloride,1
1443841000033113,Modified-release tablet,Oral,60.000mg,785877,tildiem 60mg modified-release tablets,tildiem 60mg modified-release tablets (sanofi),diltiazem hydrochloride,1
1489541000033117,Modified-release capsule,Oral,120.000mg,120302,univer 120mg modified-release capsules,univer 120mg modified-release capsules (teva uk ltd),verapamil hydrochloride,1
1489641000033116,Modified-release capsule,Oral,180.000mg,50422,univer 180mg modified-release capsules,univer 180mg modified-release capsules (teva uk ltd),verapamil hydrochloride,1
1489741000033113,Modified-release capsule,Oral,240.000mg,105520,univer 240mg modified-release capsules,univer 240mg modified-release capsules (teva uk ltd),verapamil hydrochloride,1
1508641000033116,,,,84,,verapamil hydrochloride  injection  2.5 mg/ml,,1
1509041000033119,Modified-release tablet,Oral,120.000mg,761986,verapamil 120mg modified-release tablets,verapamil 120mg modified-release tablets,verapamil hydrochloride,1
1509141000033115,Modified-release tablet,Oral,240.000mg,1034099,verapamil 240mg modified-release tablets,verapamil 240mg modified-release tablets,verapamil hydrochloride,1
1509841000033114,Oral solution,Oral,8.000mg/1.000ml,10194,verapamil 40mg/5ml oral solution sugar free,verapamil 40mg/5ml oral solution sugar free,verapamil hydrochloride,1
1511141000033118,Modified-release capsule,Oral,120.000mg,571946,verapamil 120mg modified-release capsules,verapamil 120mg modified-release capsules,verapamil hydrochloride,1
1511241000033113,Modified-release capsule,Oral,180.000mg,146734,verapamil 180mg modified-release capsules,verapamil 180mg modified-release capsules,verapamil hydrochloride,1
1511341000033115,Modified-release capsule,Oral,240.000mg,495730,verapamil 240mg modified-release capsules,verapamil 240mg modified-release capsules,verapamil hydrochloride,1
1511741000033119,,,,4467,,verapamil hydrochloride  m/r capsules  240 mg,,1
1512941000033111,Tablet/ Oral Tablet,Oral,120.000mg,475185,verapamil 120mg tablets,verapamil 120mg tablets,verapamil hydrochloride,1
1513041000033118,,,,35134,,verapamil hydrochloride  tablets  240 mg,,1
1513141000033119,Tablet/ Oral Tablet,Oral,160.000mg,85537,verapamil 160mg tablets,verapamil 160mg tablets,verapamil hydrochloride,1
1513241000033114,Tablet/ Oral Tablet,Oral,40.000mg,1238733,verapamil 40mg tablets,verapamil 40mg tablets,verapamil hydrochloride,1
1513341000033116,Tablet/ Oral Tablet,Oral,80.000mg,791624,verapamil 80mg tablets,verapamil 80mg tablets,verapamil hydrochloride,1
1520141000033118,Modified-release capsule,Oral,120.000mg,208253,viazem xl 120mg capsules,viazem xl 120mg capsules (thornton & ross ltd),diltiazem hydrochloride,1
1520241000033113,Modified-release capsule,Oral,180.000mg,224112,viazem xl 180mg capsules,viazem xl 180mg capsules (thornton & ross ltd),diltiazem hydrochloride,1
1520341000033115,Modified-release capsule,Oral,240.000mg,185286,viazem xl 240mg capsules,viazem xl 240mg capsules (thornton & ross ltd),diltiazem hydrochloride,1
1520441000033114,Modified-release capsule,Oral,300.000mg,111448,viazem xl 300mg capsules,viazem xl 300mg capsules (thornton & ross ltd),diltiazem hydrochloride,1
1520541000033110,Modified-release capsule,Oral,360.000mg,184414,viazem xl 360mg capsules,viazem xl 360mg capsules (thornton & ross ltd),diltiazem hydrochloride,1
1550841000033111,Tablet/ Oral Tablet,Oral,10.000mg,94624,zanidip 10mg tablets,zanidip 10mg tablets (recordati pharmaceuticals ltd),lercanidipine hydrochloride,1
1570441000033110,Modified-release capsule,Oral,240.000mg,80640,angitil xl 240 capsules,angitil xl 240 capsules (ethypharm uk ltd),diltiazem hydrochloride,1
1570541000033111,Modified-release capsule,Oral,300.000mg,88235,angitil xl 300 capsules,angitil xl 300 capsules (ethypharm uk ltd),diltiazem hydrochloride,1
1580841000033116,Modified-release tablet,Oral,10.000mg,6809,cardilate mr 10mg tablets,cardilate mr 10mg tablets (teva uk ltd),nifedipine,1
1602341000033116,Modified-release capsule,Oral,120.000mg,2212,dilcardia sr 120mg capsules,dilcardia sr 120mg capsules (viatris uk healthcare ltd),diltiazem hydrochloride,1
1602441000033110,Modified-release capsule,Oral,60.000mg,9169,dilcardia sr 60mg capsules,dilcardia sr 60mg capsules (viatris uk healthcare ltd),diltiazem hydrochloride,1
1602541000033111,Modified-release capsule,Oral,90.000mg,4757,dilcardia sr 90mg capsules,dilcardia sr 90mg capsules (viatris uk healthcare ltd),diltiazem hydrochloride,1
1661641000033116,Modified-release tablet,Oral,60.000mg,1558,optil 60mg modified-release tablets,optil 60mg modified-release tablets (opus pharmaceuticals ltd),diltiazem hydrochloride,1
1697641000033111,Modified-release tablet,Oral,20.000mg,118,slofedipine 20mg tablets,slofedipine 20mg tablets (sterwin medicines),nifedipine,1
17141000033112,Modified-release tablet,Oral,30.000mg,3917745,adalat la 30mg tablets,adalat la 30mg tablets (bayer plc),nifedipine,1
17241000033117,Modified-release tablet,Oral,60.000mg,2202876,adalat la 60mg tablets,adalat la 60mg tablets (bayer plc),nifedipine,1
1724941000033113,Modified-release capsule,Oral,30.000mg,1056012,coracten xl 30mg capsules,coracten xl 30mg capsules (teofarma s.r.l.),nifedipine,1
1725041000033113,Modified-release capsule,Oral,60.000mg,726712,coracten xl 60mg capsules,coracten xl 60mg capsules (teofarma s.r.l.),nifedipine,1
17341000033110,Modified-release capsule,Oral,120.000mg,419153,adizem-sr 120mg capsules,adizem-sr 120mg capsules (napp pharmaceuticals ltd),diltiazem hydrochloride,1
17441000033116,Modified-release capsule,Oral,180.000mg,266341,adizem-sr 180mg capsules,adizem-sr 180mg capsules (napp pharmaceuticals ltd),diltiazem hydrochloride,1
1745041000033110,Modified-release tablet,Oral,10.000mg,88971,nifedipress mr 10 tablets,nifedipress mr 10 tablets (dexcel-pharma ltd),nifedipine,1
1745141000033114,Modified-release tablet,Oral,20.000mg,77422,nifedipress mr 20 tablets,nifedipress mr 20 tablets (dexcel-pharma ltd),nifedipine,1
1752941000033115,Modified-release tablet,Oral,30.000mg,9244,slofedipine xl 30mg tablets,slofedipine xl 30mg tablets (zentiva pharma uk ltd),nifedipine,1
1753041000033113,Modified-release tablet,Oral,60.000mg,3797,slofedipine xl 60 tablets,slofedipine xl 60 tablets (zentiva pharma uk ltd),nifedipine,1
1754841000033116,Modified-release tablet,Oral,240.000mg,90942,vertab sr 240 tablets,vertab sr 240 tablets (chiesi ltd),verapamil hydrochloride,1
17641000033119,Modified-release capsule,Oral,90.000mg,635931,adizem-sr 90mg capsules,adizem-sr 90mg capsules (napp pharmaceuticals ltd),diltiazem hydrochloride,1
1766341000033113,Modified-release tablet,Oral,20.000mg,1399474,adalat la 20mg tablets,adalat la 20mg tablets (bayer plc),nifedipine,1
176741000033114,Capsule/ Oral capsule,Oral,20.000mg,84492,cardene 20mg capsules,cardene 20mg capsules (laboratoires x.o),nicardipine hydrochloride,1
176841000033116,Capsule/ Oral capsule,Oral,30.000mg,32540,cardene 30mg capsules,cardene 30mg capsules (laboratoires x.o),nicardipine hydrochloride,1
17741000033111,Modified-release capsule,Oral,120.000mg,918071,adizem-xl 120mg capsules,adizem-xl 120mg capsules (napp pharmaceuticals ltd),diltiazem hydrochloride,1
1778741000033118,Modified-release capsule,Oral,30.000mg,377844,nifedipine 30mg modified-release capsules,nifedipine 30mg modified-release capsules,nifedipine,1
1778841000033111,Modified-release capsule,Oral,60.000mg,192027,nifedipine 60mg modified-release capsules,nifedipine 60mg modified-release capsules,nifedipine,1
17841000033118,Modified-release capsule,Oral,180.000mg,799692,adizem-xl 180mg capsules,adizem-xl 180mg capsules (napp pharmaceuticals ltd),diltiazem hydrochloride,1
17941000033114,Modified-release capsule,Oral,240.000mg,949821,adizem-xl 240mg capsules,adizem-xl 240mg capsules (napp pharmaceuticals ltd),diltiazem hydrochloride,1
1800341000033113,Modified-release capsule,Oral,360.000mg,84050,diltiazem 360mg modified-release capsules,diltiazem 360mg modified-release capsules,diltiazem hydrochloride,1
18041000033112,Modified-release capsule,Oral,300.000mg,747059,adizem-xl 300mg capsules,adizem-xl 300mg capsules (napp pharmaceuticals ltd),diltiazem hydrochloride,1
18241000033116,Modified-release tablet,Oral,20.000mg,792508,adipine mr 20 tablets,adipine mr 20 tablets (chiesi ltd),nifedipine,1
1833041000033110,Modified-release capsule,Oral,120.000mg,149664,zemtard 120 xl capsules,zemtard 120 xl capsules (galen ltd),diltiazem hydrochloride,1
1833141000033114,Modified-release capsule,Oral,180.000mg,142517,zemtard 180 xl capsules,zemtard 180 xl capsules (galen ltd),diltiazem hydrochloride,1
1833241000033119,Modified-release capsule,Oral,240.000mg,111206,zemtard 240 xl capsules,zemtard 240 xl capsules (galen ltd),diltiazem hydrochloride,1
1833341000033112,Modified-release capsule,Oral,300.000mg,75323,zemtard 300 xl capsules,zemtard 300 xl capsules (galen ltd),diltiazem hydrochloride,1
1833541000033117,Modified-release tablet,Oral,240.000mg,10001,verapress mr 240mg tablets,verapress mr 240mg tablets (dexcel-pharma ltd),verapamil hydrochloride,1
18341000033114,Modified-release tablet,Oral,10.000mg,504666,adipine mr 10 tablets,adipine mr 10 tablets (chiesi ltd),nifedipine,1
1834341000033110,Modified-release tablet,Oral,5.000mg + 5.000mg,7775,triapin 5mg/5mg modified-release tablets,triapin 5mg/5mg modified-release tablets (sanofi),felodipine/ ramipril,1
19341000033119,Modified-release tablet,Oral,20.000mg,2155977,adalat retard 20mg tablets,adalat retard 20mg tablets (bayer plc),nifedipine,1
19441000033113,Modified-release tablet,Oral,10.000mg,1570632,adalat retard 10mg tablets,adalat retard 10mg tablets (bayer plc),nifedipine,1
19641000033110,Modified-release tablet,Oral,120.000mg,79909,adizem-sr 120mg tablets,adizem-sr 120mg tablets (napp pharmaceuticals ltd),diltiazem hydrochloride,1
198941000033118,Modified-release capsule,Oral,30.000mg,24451,cardene sr 30mg capsules,cardene sr 30mg capsules (astellas pharma ltd),nicardipine hydrochloride,1
199041000033110,Modified-release capsule,Oral,45.000mg,7883,cardene sr 45mg capsules,cardene sr 45mg capsules (astellas pharma ltd),nicardipine hydrochloride,1
199141000033114,Modified-release tablet,Oral,20.000mg,11647,cardilate mr 20mg tablets,cardilate mr 20mg tablets (ivax pharmaceuticals uk ltd),nifedipine,1
199241000033119,Modified-release tablet,Oral,120.000mg,13515,calcicard cr 120mg tablets,calcicard cr 120mg tablets (teva uk ltd),diltiazem hydrochloride,1
199341000033112,Modified-release tablet,Oral,90.000mg,25870,calcicard cr 90mg tablets,calcicard cr 90mg tablets (teva uk ltd),diltiazem hydrochloride,1
2051241000033116,Modified-release tablet,Oral,20.000mg,222,coroday mr 20mg tablets,coroday mr 20mg tablets (viatris uk healthcare ltd),nifedipine,1
2129041000033118,Modified-release tablet,Oral,240.000mg,4253,cordilox mr 240mg tablets,cordilox mr 240mg tablets (teva uk ltd),verapamil hydrochloride,1
2189541000033117,Modified-release tablet,Oral,20.000mg,7285,nifopress retard 20mg tablets,nifopress retard 20mg tablets (advanz pharma),nifedipine,1
2261241000033118,Modified-release capsule,Oral,300.000mg,255107,slozem 300mg capsules,slozem 300mg capsules (zentiva pharma uk ltd),diltiazem hydrochloride,1
2295641000033116,Modified-release tablet,Oral,10.000mg,5880,calchan mr 10 tablets,calchan mr 10 tablets (ranbaxy (uk) ltd),nifedipine,1
2295741000033113,Modified-release tablet,Oral,20.000mg,12248,calchan mr 20 tablets,calchan mr 20 tablets (ranbaxy (uk) ltd),nifedipine,1
2639341000033117,Oral drops,Oral,20.000mg/1.000ml,2040,nifedipine 20mg/ml oral drops,nifedipine 20mg/ml oral drops,nifedipine,1
2641041000033116,Oral solution,Oral,8.000mg/1.000ml,54,zolvera 40mg/5ml oral solution,zolvera 40mg/5ml oral solution (rosemont pharmaceuticals ltd),verapamil hydrochloride,1
2653341000033118,Modified-release capsule,Oral,200.000mg,245992,adizem-xl 200mg capsules,adizem-xl 200mg capsules (napp pharmaceuticals ltd),diltiazem hydrochloride,1
2674841000033110,Modified-release capsule,Oral,60.000mg,1108,disogram sr 60mg capsules,disogram sr 60mg capsules (ranbaxy (uk) ltd),diltiazem hydrochloride,1
2674941000033119,Modified-release capsule,Oral,90.000mg,2494,disogram sr 90mg capsules,disogram sr 90mg capsules (ranbaxy (uk) ltd),diltiazem hydrochloride,1
2675041000033119,Modified-release capsule,Oral,120.000mg,2100,disogram sr 120mg capsules,disogram sr 120mg capsules (ranbaxy (uk) ltd),diltiazem hydrochloride,1
2675341000033117,Modified-release capsule,Oral,180.000mg,1326,disogram sr 180mg capsules,disogram sr 180mg capsules (ranbaxy (uk) ltd),diltiazem hydrochloride,1
2675641000033113,Modified-release capsule,Oral,240.000mg,2336,disogram sr 240mg capsules,disogram sr 240mg capsules (ranbaxy (uk) ltd),diltiazem hydrochloride,1
2676041000033111,Modified-release capsule,Oral,300.000mg,1214,disogram sr 300mg capsules,disogram sr 300mg capsules (ranbaxy (uk) ltd),diltiazem hydrochloride,1
2776541000033111,Modified-release tablet,Oral,30.000mg,444,hypolar xl 30 tablets,hypolar xl 30 tablets (sandoz ltd),nifedipine,1
2779141000033112,Modified-release capsule,Oral,60.000mg,1982,bi-carzem sr 60mg capsules,bi-carzem sr 60mg capsules (tillomed laboratories ltd),diltiazem hydrochloride,1
2779241000033117,Modified-release capsule,Oral,90.000mg,692,bi-carzem sr 90mg capsules,bi-carzem sr 90mg capsules (tillomed laboratories ltd),diltiazem hydrochloride,1
2779341000033110,Modified-release capsule,Oral,120.000mg,974,bi-carzem sr 120mg capsules,bi-carzem sr 120mg capsules (tillomed laboratories ltd),diltiazem hydrochloride,1
2845841000033119,Modified-release tablet,Oral,240.000mg,256,ranvera mr 240mg tablets,ranvera mr 240mg tablets (ranbaxy (uk) ltd),verapamil hydrochloride,1
2890641000033116,Modified-release tablet,Oral,120.000mg,12352,vera-til sr 120mg tablets,vera-til sr 120mg tablets (tillomed laboratories ltd),verapamil hydrochloride,1
2890741000033113,Modified-release tablet,Oral,240.000mg,3946,vera-til sr 240mg tablets,vera-til sr 240mg tablets (tillomed laboratories ltd),verapamil hydrochloride,1
2928841000033117,Modified-release tablet,Oral,2.500mg,379,cabren 2.5mg modified-release tablets,cabren 2.5mg modified-release tablets (teva uk ltd),felodipine,1
2928941000033113,Modified-release tablet,Oral,5.000mg,676,cabren 5mg modified-release tablets,cabren 5mg modified-release tablets (teva uk ltd),felodipine,1
2929041000033116,Modified-release tablet,Oral,10.000mg,304,cabren 10mg modified-release tablets,cabren 10mg modified-release tablets (teva uk ltd),felodipine,1
2952241000033115,Modified-release capsule,Oral,60.000mg,6,zildil sr 60mg capsules,zildil sr 60mg capsules (healthcare pharma ltd),diltiazem hydrochloride,1
2952341000033113,Modified-release capsule,Oral,90.000mg,1,zildil 90mg modified-release capsules,zildil 90mg modified-release capsules (healthcare pharma ltd),diltiazem hydrochloride,1
2952441000033119,Modified-release capsule,Oral,120.000mg,2,zildil sr 120mg capsules,zildil sr 120mg capsules (healthcare pharma ltd),diltiazem hydrochloride,1
2955041000033115,Modified-release tablet,Oral,20.000mg,1819,valni 20 retard tablets,valni 20 retard tablets (tillomed laboratories ltd),nifedipine,1
2955141000033116,Modified-release capsule,Oral,180.000mg,1340,zemret 180 xl capsules,zemret 180 xl capsules (tillomed laboratories ltd),diltiazem hydrochloride,1
2955241000033111,Modified-release capsule,Oral,240.000mg,826,zemret 240 xl capsules,zemret 240 xl capsules (tillomed laboratories ltd),diltiazem hydrochloride,1
2955341000033118,Modified-release capsule,Oral,300.000mg,401,zemret 300 xl capsules,zemret 300 xl capsules (tillomed laboratories ltd),diltiazem hydrochloride,1
2979941000033119,Modified-release tablet,Oral,5.000mg,190384,felotens xl 5mg tablets,felotens xl 5mg tablets (thornton & ross ltd),felodipine,1
2980041000033115,Modified-release tablet,Oral,10.000mg,131696,felotens xl 10mg tablets,felotens xl 10mg tablets (thornton & ross ltd),felodipine,1
3034341000033117,Modified-release tablet,Oral,5.000mg,30481,vascalpha 5mg modified-release tablets,vascalpha 5mg modified-release tablets (accord-uk ltd),felodipine,1
3034441000033111,Modified-release tablet,Oral,10.000mg,37855,vascalpha 10mg modified-release tablets,vascalpha 10mg modified-release tablets (accord-uk ltd),felodipine,1
3038041000033111,Tablet/ Oral Tablet,Oral,5.000mg,84294730,amlodipine 5mg tablets,amlodipine 5mg tablets,amlodipine,1
3038141000033110,Tablet/ Oral Tablet,Oral,10.000mg,54291776,amlodipine 10mg tablets,amlodipine 10mg tablets,amlodipine,1
3154841000033119,Modified-release tablet,Oral,5.000mg,632465,cardioplen xl 5mg tablets,cardioplen xl 5mg tablets (chiesi ltd),felodipine,1
3154941000033110,Modified-release tablet,Oral,10.000mg,496831,cardioplen xl 10mg tablets,cardioplen xl 10mg tablets (chiesi ltd),felodipine,1
3163041000033116,Modified-release capsule,Oral,2.000mg + 180.000mg,10583,verapamil 180mg modified-release / trandolapril 2mg capsules,verapamil 180mg modified-release / trandolapril 2mg capsules,trandolapril/ verapamil hydrochloride,1
3163241000033112,Modified-release tablet,Oral,5.000mg + 5.000mg,60869,felodipine 5mg modified-release / ramipril 5mg tablets,felodipine 5mg modified-release / ramipril 5mg tablets,felodipine/ ramipril,1
3163341000033119,Modified-release tablet,Oral,2.500mg + 2.500mg,9872,felodipine 2.5mg modified-release / ramipril 2.5mg tablets,felodipine 2.5mg modified-release / ramipril 2.5mg tablets,felodipine/ ramipril,1
3177441000033110,Modified-release tablet,Oral,5.000mg,620,felogen xl 5mg tablets,felogen xl 5mg tablets (viatris uk healthcare ltd),felodipine,1
3177541000033111,Modified-release tablet,Oral,10.000mg,455,felogen xl 10mg tablets,felogen xl 10mg tablets (viatris uk healthcare ltd),felodipine,1
3188741000033111,Tablet/ Oral Tablet,Oral,5.000mg,310849,amlostin 5mg tablets,amlostin 5mg tablets (discovery pharmaceuticals),amlodipine,1
3188841000033118,Tablet/ Oral Tablet,Oral,10.000mg,199684,amlostin 10mg tablets,amlostin 10mg tablets (discovery pharmaceuticals),amlodipine,1
3225441000033117,Modified-release tablet,Oral,30.000mg,217668,adipine xl 30mg tablets,adipine xl 30mg tablets (chiesi ltd),nifedipine,1
3225541000033116,Modified-release tablet,Oral,60.000mg,120534,adipine xl 60mg tablets,adipine xl 60mg tablets (chiesi ltd),nifedipine,1
3246941000033118,Modified-release capsule,Oral,50.000mg + 20.000mg,74189,atenolol 50mg / nifedipine 20mg modified-release capsules,atenolol 50mg / nifedipine 20mg modified-release capsules,atenolol/ nifedipine,1
336641000033114,Modified-release capsule,Oral,10.000mg,567516,coracten sr 10mg capsules,coracten sr 10mg capsules (teofarma s.r.l.),nifedipine,1
364241000033112,Modified-release capsule,Oral,20.000mg,684710,coracten sr 20mg capsules,coracten sr 20mg capsules (teofarma s.r.l.),nifedipine,1
374841000033119,Tablet/ Oral Tablet,Oral,120.000mg,13270,cordilox 120mg tablets,cordilox 120mg tablets (ivax pharmaceuticals uk ltd),verapamil hydrochloride,1
374941000033110,Tablet/ Oral Tablet,Oral,160.000mg,10680,cordilox 160mg tablets,cordilox 160mg tablets (ivax pharmaceuticals uk ltd),verapamil hydrochloride,1
375041000033110,Tablet/ Oral Tablet,Oral,40.000mg,25486,cordilox 40mg tablets,cordilox 40mg tablets (ivax pharmaceuticals uk ltd),verapamil hydrochloride,1
375141000033114,Tablet/ Oral Tablet,Oral,80.000mg,16149,cordilox 80mg tablets,cordilox 80mg tablets (ivax pharmaceuticals uk ltd),verapamil hydrochloride,1
3890141000033118,,,,325,,amlodipine  powder for oral suspension with diluent (kit)  10 mg/5 ml,,1
3908741000033114,Tablet/ Oral Tablet,Oral,20.000mg,4108898,lercanidipine 20mg tablets,lercanidipine 20mg tablets,lercanidipine hydrochloride,1
3908841000033116,Tablet/ Oral Tablet,Oral,20.000mg,21399,zanidip 20mg tablets,zanidip 20mg tablets (recordati pharmaceuticals ltd),lercanidipine hydrochloride,1
3952641000033110,Modified-release tablet,Oral,30.000mg,79,nimodrel xl 30mg tablets,nimodrel xl 30mg tablets (zurich pharmaceuticals),nifedipine,1
3952741000033118,Modified-release tablet,Oral,60.000mg,17,nimodrel xl 60mg tablets,nimodrel xl 60mg tablets (zurich pharmaceuticals),nifedipine,1
3963741000033115,Oral suspension,Oral,2.000mg/1.000ml,10104,amlodipine 10mg/5ml oral suspension,amlodipine 10mg/5ml oral suspension,amlodipine,1
4021441000033114,Tablet/ Oral Tablet,Oral,5.000mg + 80.000mg,47481,amlodipine 5mg / valsartan 80mg tablets,amlodipine 5mg / valsartan 80mg tablets,amlodipine besilate/ valsartan,1
4021541000033110,Tablet/ Oral Tablet,Oral,5.000mg + 160.000mg,39252,amlodipine 5mg / valsartan 160mg tablets,amlodipine 5mg / valsartan 160mg tablets,amlodipine besilate/ valsartan,1
4021641000033111,Tablet/ Oral Tablet,Oral,10.000mg + 160.000mg,46548,amlodipine 10mg / valsartan 160mg tablets,amlodipine 10mg / valsartan 160mg tablets,amlodipine besilate/ valsartan,1
4021741000033119,Tablet/ Oral Tablet,Oral,5.000mg + 80.000mg,5601,exforge 5mg/80mg tablets,exforge 5mg/80mg tablets (novartis pharmaceuticals uk ltd),amlodipine besilate/ valsartan,1
4021841000033112,Tablet/ Oral Tablet,Oral,5.000mg + 160.000mg,5332,exforge 5mg/160mg tablets,exforge 5mg/160mg tablets (novartis pharmaceuticals uk ltd),amlodipine besilate/ valsartan,1
4021941000033116,Tablet/ Oral Tablet,Oral,10.000mg + 160.000mg,6806,exforge 10mg/160mg tablets,exforge 10mg/160mg tablets (novartis pharmaceuticals uk ltd),amlodipine besilate/ valsartan,1
4152841000033112,Modified-release tablet,Oral,2.500mg,294078,cardioplen xl 2.5mg tablets,cardioplen xl 2.5mg tablets (chiesi ltd),felodipine,1
4429241000033115,Modified-release tablet,Oral,2.500mg,32460,felotens xl 2.5mg tablets,felotens xl 2.5mg tablets (thornton & ross ltd),felodipine,1
4451941000033110,Modified-release tablet,Oral,30.000mg,9414,valni xl 30mg tablets,valni xl 30mg tablets (zentiva pharma uk ltd),nifedipine,1
4452041000033116,Modified-release tablet,Oral,60.000mg,7397,valni xl 60mg tablets,valni xl 60mg tablets (zentiva pharma uk ltd),nifedipine,1
4508041000033119,Oral solution,Oral,1.000mg/1.000ml,29896,amlodipine 5mg/5ml oral solution sugar free,amlodipine 5mg/5ml oral solution sugar free,amlodipine,1
451741000033117,,,,4246,,diltiazem hydrochloride  m/r capsules  300 mg,,1
451841000033110,Modified-release capsule,Oral,120.000mg,703832,diltiazem 120mg modified-release capsules,diltiazem 120mg modified-release capsules,diltiazem hydrochloride,1
451941000033119,Modified-release capsule,Oral,180.000mg,548037,diltiazem 180mg modified-release capsules,diltiazem 180mg modified-release capsules,diltiazem hydrochloride,1
452041000033113,Modified-release capsule,Oral,300.000mg,337288,diltiazem 300mg modified-release capsules,diltiazem 300mg modified-release capsules,diltiazem hydrochloride,1
452141000033112,Modified-release capsule,Oral,90.000mg,810953,diltiazem 90mg modified-release capsules,diltiazem 90mg modified-release capsules,diltiazem hydrochloride,1
4521541000033113,Modified-release tablet,Oral,2.500mg,1244,neofel xl 2.5mg tablets,neofel xl 2.5mg tablets (kent pharma (uk) ltd),felodipine,1
4521641000033114,Modified-release tablet,Oral,5.000mg,344,neofel xl 5mg tablets,neofel xl 5mg tablets (kent pharma (uk) ltd),felodipine,1
4521741000033117,Modified-release tablet,Oral,10.000mg,111,neofel xl 10mg tablets,neofel xl 10mg tablets (kent pharma (uk) ltd),felodipine,1
452641000033119,Modified-release capsule,Oral,60.000mg,247190,dilzem sr 60 capsules,dilzem sr 60 capsules (teva uk ltd),diltiazem hydrochloride,1
452741000033111,Modified-release capsule,Oral,90.000mg,204414,dilzem sr 90 capsules,dilzem sr 90 capsules (teva uk ltd),diltiazem hydrochloride,1
452841000033118,Modified-release capsule,Oral,120.000mg,103098,dilzem sr 120 capsules,dilzem sr 120 capsules (teva uk ltd),diltiazem hydrochloride,1
452941000033114,Modified-release capsule,Oral,60.000mg,589949,diltiazem 60mg modified-release capsules,diltiazem 60mg modified-release capsules,diltiazem hydrochloride,1
453041000033116,Modified-release capsule,Oral,120.000mg,210461,dilzem xl 120 capsules,dilzem xl 120 capsules (teva uk ltd),diltiazem hydrochloride,1
453141000033117,Modified-release capsule,Oral,180.000mg,276814,dilzem xl 180 capsules,dilzem xl 180 capsules (teva uk ltd),diltiazem hydrochloride,1
453241000033112,Modified-release capsule,Oral,240.000mg,188877,dilzem xl 240 capsules,dilzem xl 240 capsules (teva uk ltd),diltiazem hydrochloride,1
453741000033118,Modified-release capsule,Oral,240.000mg,333123,diltiazem 240mg modified-release capsules,diltiazem 240mg modified-release capsules,diltiazem hydrochloride,1
453941000033115,Modified-release capsule,Oral,200.000mg,538865,diltiazem 200mg modified-release capsules,diltiazem 200mg modified-release capsules,diltiazem hydrochloride,1
454041000033118,Modified-release tablet,Oral,60.000mg,1776196,diltiazem 60mg modified-release tablets,diltiazem 60mg modified-release tablets,diltiazem hydrochloride,1
458841000033115,Modified-release tablet,Oral,90.000mg,909676,diltiazem 90mg modified-release tablets,diltiazem 90mg modified-release tablets,diltiazem hydrochloride,1
4590741000033116,Modified-release tablet,Oral,60.000mg,1032,retalzem 60 modified-release tablets,retalzem 60 modified-release tablets (kent pharma (uk) ltd),diltiazem hydrochloride,1
459641000033113,Modified-release tablet,Oral,120.000mg,556376,diltiazem 120mg modified-release tablets,diltiazem 120mg modified-release tablets,diltiazem hydrochloride,1
468841000033112,,,,621413,,diltiazem hydrochloride  tablets  60 mg,,1
4897741000033118,Oral suspension,Oral,300.000microgram/1.000ml,221,amlodipine 1.5mg/5ml oral suspension,amlodipine 1.5mg/5ml oral suspension,amlodipine,1
4953741000033114,Oral suspension,Oral,12.000mg/1.000ml,1065,diltiazem 60mg/5ml oral suspension,diltiazem 60mg/5ml oral suspension,diltiazem hydrochloride,1
5005841000033114,Tablet/ Oral Tablet,Oral,5.000mg + 20.000mg,31780,olmesartan medoxomil 20mg / amlodipine 5mg tablets,olmesartan medoxomil 20mg / amlodipine 5mg tablets,amlodipine besilate/ olmesartan medoxomil,1
5005941000033118,Tablet/ Oral Tablet,Oral,5.000mg + 40.000mg,19644,olmesartan medoxomil 40mg / amlodipine 5mg tablets,olmesartan medoxomil 40mg / amlodipine 5mg tablets,amlodipine besilate/ olmesartan medoxomil,1
5006041000033111,Tablet/ Oral Tablet,Oral,10.000mg + 40.000mg,20267,olmesartan medoxomil 40mg / amlodipine 10mg tablets,olmesartan medoxomil 40mg / amlodipine 10mg tablets,amlodipine besilate/ olmesartan medoxomil,1
5006141000033110,Tablet/ Oral Tablet,Oral,5.000mg + 20.000mg,6378,sevikar 20mg/5mg tablets,sevikar 20mg/5mg tablets (daiichi sankyo uk ltd),amlodipine besilate/ olmesartan medoxomil,1
5006241000033115,Tablet/ Oral Tablet,Oral,5.000mg + 40.000mg,2776,sevikar 40mg/5mg tablets,sevikar 40mg/5mg tablets (daiichi sankyo uk ltd),amlodipine besilate/ olmesartan medoxomil,1
5006341000033113,Tablet/ Oral Tablet,Oral,10.000mg + 40.000mg,3772,sevikar 40mg/10mg tablets,sevikar 40mg/10mg tablets (daiichi sankyo uk ltd),amlodipine besilate/ olmesartan medoxomil,1
5056241000033112,Oral suspension,Oral,1.000mg/1.000ml,957,nifedipine 5mg/5ml oral suspension,nifedipine 5mg/5ml oral suspension,nifedipine,1
5402541000033112,Oral suspension,Oral,500.000microgram/1.000ml,464,nifedipine 2.5mg/5ml oral suspension,nifedipine 2.5mg/5ml oral suspension,nifedipine,1
5490241000033113,Oral solution,Oral,1.000mg/1.000ml,5889,amlodipine 5mg/5ml oral solution,amlodipine 5mg/5ml oral solution,amlodipine,1
5576341000033118,Modified-release tablet,Oral,10.000mg,3498,folpik xl 10mg tablets,folpik xl 10mg tablets (teva uk ltd),felodipine,1
5576441000033112,Modified-release tablet,Oral,2.500mg,2757,folpik xl 2.5mg tablets,folpik xl 2.5mg tablets (teva uk ltd),felodipine,1
5576541000033113,Modified-release tablet,Oral,5.000mg,5051,folpik xl 5mg tablets,folpik xl 5mg tablets (teva uk ltd),felodipine,1
568041000033111,Modified-release tablet,Oral,2.500mg,6972944,felodipine 2.5mg modified-release tablets,felodipine 2.5mg modified-release tablets,felodipine,1
569041000033115,Modified-release tablet,Oral,10.000mg,7930843,felodipine 10mg modified-release tablets,felodipine 10mg modified-release tablets,felodipine,1
569141000033116,Modified-release tablet,Oral,5.000mg,11290250,felodipine 5mg modified-release tablets,felodipine 5mg modified-release tablets,felodipine,1
57241000033113,,,,5199746,,amlodipine besilate  tablets  5 mg,,1
5816841000033119,Modified-release capsule,Oral,240.000mg,37,bi-carzem xl 240mg capsules,bi-carzem xl 240mg capsules (tillomed laboratories ltd),diltiazem hydrochloride,1
5816941000033110,Modified-release capsule,Oral,300.000mg,40,bi-carzem xl 300mg capsules,bi-carzem xl 300mg capsules (tillomed laboratories ltd),diltiazem hydrochloride,1
5817441000033119,Modified-release tablet,Oral,30.000mg,266,neozipine xl 30mg tablets,neozipine xl 30mg tablets (kent pharma (uk) ltd),nifedipine,1
5817541000033118,Modified-release tablet,Oral,60.000mg,120,neozipine xl 60mg tablets,neozipine xl 60mg tablets (kent pharma (uk) ltd),nifedipine,1
5888741000033110,Oral suspension,Oral,1.000mg/1.000ml,6546,amlodipine 5mg/5ml oral suspension,amlodipine 5mg/5ml oral suspension,amlodipine,1
5891941000033115,Modified-release tablet,Oral,30.000mg,4255,adanif xl 30mg tablets,adanif xl 30mg tablets (advanz pharma),nifedipine,1
5892041000033114,Modified-release tablet,Oral,60.000mg,2085,adanif xl 60mg tablets,adanif xl 60mg tablets (advanz pharma),nifedipine,1
5973741000033117,Oral suspension,Oral,2.000mg/1.000ml,1160,nifedipine 10mg/5ml oral suspension,nifedipine 10mg/5ml oral suspension,nifedipine,1
5991941000033112,Oral solution,Oral,12.000mg/1.000ml,588,diltiazem 60mg/5ml oral solution,diltiazem 60mg/5ml oral solution,diltiazem hydrochloride,1
605941000033110,Modified-release tablet,Oral,40.000mg,63416,fortipine la 40 tablets,fortipine la 40 tablets (advanz pharma),nifedipine,1
60741000033111,,,,3034289,,amlodipine besilate  tablets  10 mg,,1
6180641000033112,Tablet/ Oral Tablet,Oral,5.000mg + 12.500mg + 20.000mg,10557,sevikar hct 20mg/5mg/12.5mg tablets,sevikar hct 20mg/5mg/12.5mg tablets (daiichi sankyo uk ltd),amlodipine besilate/ hydrochlorothiazide/ olmesartan medoxomil,1
6180741000033115,Tablet/ Oral Tablet,Oral,5.000mg + 12.500mg + 40.000mg,5004,sevikar hct 40mg/5mg/12.5mg tablets,sevikar hct 40mg/5mg/12.5mg tablets (daiichi sankyo uk ltd),amlodipine besilate/ hydrochlorothiazide/ olmesartan medoxomil,1
6180841000033113,Tablet/ Oral Tablet,Oral,10.000mg + 12.500mg + 40.000mg,8617,sevikar hct 40mg/10mg/12.5mg tablets,sevikar hct 40mg/10mg/12.5mg tablets (daiichi sankyo uk ltd),amlodipine besilate/ hydrochlorothiazide/ olmesartan medoxomil,1
6180941000033117,Tablet/ Oral Tablet,Oral,5.000mg + 25.000mg + 40.000mg,2205,sevikar hct 40mg/5mg/25mg tablets,sevikar hct 40mg/5mg/25mg tablets (daiichi sankyo uk ltd),amlodipine besilate/ hydrochlorothiazide/ olmesartan medoxomil,1
6181041000033110,Tablet/ Oral Tablet,Oral,10.000mg + 25.000mg + 40.000mg,8655,sevikar hct 40mg/10mg/25mg tablets,sevikar hct 40mg/10mg/25mg tablets (daiichi sankyo uk ltd),amlodipine besilate/ hydrochlorothiazide/ olmesartan medoxomil,1
61841000033111,Capsule/ Oral capsule,Oral,10.000mg,4577,angiopine 10 capsules,angiopine 10 capsules (ashbourne pharmaceuticals ltd),nifedipine,1
65241000033114,Modified-release tablet,Oral,20.000mg,32889,angiopine mr 20mg tablets,angiopine mr 20mg tablets (ashbourne pharmaceuticals ltd),nifedipine,1
65341000033116,Modified-release capsule,Oral,90.000mg,438219,angitil sr 90 capsules,angitil sr 90 capsules (ethypharm uk ltd),diltiazem hydrochloride,1
65441000033110,Modified-release capsule,Oral,120.000mg,275648,angitil sr 120 capsules,angitil sr 120 capsules (ethypharm uk ltd),diltiazem hydrochloride,1
65541000033111,Modified-release capsule,Oral,180.000mg,165922,angitil sr 180 capsules,angitil sr 180 capsules (ethypharm uk ltd),diltiazem hydrochloride,1
65941000033117,Modified-release tablet,Oral,90.000mg,6934,angiozem cr 90mg tablets,angiozem cr 90mg tablets (ashbourne pharmaceuticals ltd),diltiazem hydrochloride,1
66041000033110,Modified-release tablet,Oral,120.000mg,4203,angiozem cr 120mg tablets,angiozem cr 120mg tablets (ashbourne pharmaceuticals ltd),diltiazem hydrochloride,1
660641000033112,Modified-release tablet,Oral,120.000mg,280396,half securon sr 120mg tablets,half securon sr 120mg tablets (viatris uk healthcare ltd),verapamil hydrochloride,1
66141000033114,Modified-release tablet,Oral,10.000mg,14356,angiopine mr 10mg tablets,angiopine mr 10mg tablets (ashbourne pharmaceuticals ltd),nifedipine,1
71141000033114,Modified-release tablet,Oral,60.000mg,15401,angiozem 60mg modified-release tablets,angiozem 60mg modified-release tablets (ashbourne pharmaceuticals ltd),diltiazem hydrochloride,1
738141000033119,Modified-release tablet,Oral,20.000mg,2281,hypolar retard 20 tablets,hypolar retard 20 tablets (sandoz ltd),nifedipine,1
7740641000033112,Oral solution,Oral,2.000mg/1.000ml,1761,amlodipine 10mg/5ml oral solution,amlodipine 10mg/5ml oral solution,amlodipine,1
784641000033112,Tablet/ Oral Tablet,Oral,2.500mg,43163,isradipine 2.5mg tablets,isradipine 2.5mg tablets,isradipine,1
787941000033112,Tablet/ Oral Tablet,Oral,5.000mg,726324,istin 5mg tablets,istin 5mg tablets (viatris uk healthcare ltd),amlodipine,1
788041000033110,Tablet/ Oral Tablet,Oral,10.000mg,392381,istin 10mg tablets,istin 10mg tablets (viatris uk healthcare ltd),amlodipine,1
817541000033119,Tablet/ Oral Tablet,Oral,2.000mg,1976384,lacidipine 2mg tablets,lacidipine 2mg tablets,lacidipine,1
817641000033118,Tablet/ Oral Tablet,Oral,4.000mg,2483963,lacidipine 4mg tablets,lacidipine 4mg tablets,lacidipine,1
825941000033112,Tablet/ Oral Tablet,Oral,10.000mg,7847873,lercanidipine 10mg tablets,lercanidipine 10mg tablets,lercanidipine hydrochloride,1
8264941000033119,Modified-release tablet,Oral,2.500mg + 2.500mg,412,triapin 2.5mg/2.5mg modified-release tablets,triapin 2.5mg/2.5mg modified-release tablets (sanofi),felodipine/ ramipril,1
9105241000033114,Tablet/ Oral Tablet,Oral,5.000mg + 4.000mg,1450,perindopril erbumine 4mg / amlodipine 5mg tablets,perindopril erbumine 4mg / amlodipine 5mg tablets,amlodipine besilate/ perindopril erbumine,1
9105341000033116,Tablet/ Oral Tablet,Oral,10.000mg + 4.000mg,817,perindopril erbumine 4mg / amlodipine 10mg tablets,perindopril erbumine 4mg / amlodipine 10mg tablets,amlodipine besilate/ perindopril erbumine,1
9105441000033110,Tablet/ Oral Tablet,Oral,5.000mg + 8.000mg,1945,perindopril erbumine 8mg / amlodipine 5mg tablets,perindopril erbumine 8mg / amlodipine 5mg tablets,amlodipine besilate/ perindopril erbumine,1
9105541000033111,Tablet/ Oral Tablet,Oral,10.000mg + 8.000mg,1147,perindopril erbumine 8mg / amlodipine 10mg tablets,perindopril erbumine 8mg / amlodipine 10mg tablets,amlodipine besilate/ perindopril erbumine,1
9118241000033117,Modified-release capsule,Oral,60.000mg,1256,kenzem sr 60mg capsules,kenzem sr 60mg capsules (kent pharma (uk) ltd),diltiazem hydrochloride,1
9118341000033110,Modified-release capsule,Oral,90.000mg,1127,kenzem sr 90mg capsules,kenzem sr 90mg capsules (kent pharma (uk) ltd),diltiazem hydrochloride,1
9118441000033116,Modified-release capsule,Oral,120.000mg,418,kenzem sr 120mg capsules,kenzem sr 120mg capsules (kent pharma (uk) ltd),diltiazem hydrochloride,1
9121541000033117,Modified-release tablet,Oral,2.500mg,2793,parmid xl 2.5mg tablets,parmid xl 2.5mg tablets (sandoz ltd),felodipine,1
9121641000033116,Modified-release tablet,Oral,5.000mg,13,parmid xl 5mg tablets,parmid xl 5mg tablets (sandoz ltd),felodipine,1
9121741000033113,Modified-release tablet,Oral,10.000mg,12,parmid xl 10mg tablets,parmid xl 10mg tablets (sandoz ltd),felodipine,1
937041000033114,Tablet/ Oral Tablet,Oral,2.000mg,88270,motens 2mg tablets,motens 2mg tablets (glaxosmithkline uk ltd),lacidipine,1
937141000033113,Tablet/ Oral Tablet,Oral,4.000mg,82108,motens 4mg tablets,motens 4mg tablets (glaxosmithkline uk ltd),lacidipine,1
967141000033119,Capsule/ Oral capsule,Oral,30.000mg,167556,nicardipine 30mg capsules,nicardipine 30mg capsules,nicardipine hydrochloride,1
967241000033114,Capsule/ Oral capsule,Oral,10.000mg,929243,nifedipine 10mg capsules,nifedipine 10mg capsules,nifedipine,1
967341000033116,Capsule/ Oral capsule,Oral,5.000mg,980690,nifedipine 5mg capsules,nifedipine 5mg capsules,nifedipine,1
967741000033115,Capsule/ Oral capsule,Oral,20.000mg,295650,nicardipine 20mg capsules,nicardipine 20mg capsules,nicardipine hydrochloride,1
970941000033113,Modified-release tablet,Oral,20.000mg,2955783,nifedipine 20mg modified-release tablets,nifedipine 20mg modified-release tablets,nifedipine,1
971141000033116,Modified-release capsule,Oral,10.000mg,1007896,nifedipine 10mg modified-release capsules,nifedipine 10mg modified-release capsules,nifedipine,1
971241000033111,Modified-release tablet,Oral,30.000mg,1293759,nifedipine 30mg modified-release tablets,nifedipine 30mg modified-release tablets,nifedipine,1
971341000033118,Modified-release tablet,Oral,60.000mg,543224,nifedipine 60mg modified-release tablets,nifedipine 60mg modified-release tablets,nifedipine,1
971441000033112,Modified-release capsule,Oral,30.000mg,103490,nicardipine 30mg modified-release capsules,nicardipine 30mg modified-release capsules,nicardipine hydrochloride,1
971541000033113,Modified-release capsule,Oral,45.000mg,46251,nicardipine 45mg modified-release capsules,nicardipine 45mg modified-release capsules,nicardipine hydrochloride,1
971841000033110,Modified-release tablet,Oral,10.000mg,1771848,nifedipine 10mg modified-release tablets,nifedipine 10mg modified-release tablets,nifedipine,1
972141000033112,Modified-release tablet,Oral,10.000mg,4433,nisoldipine 10mg modified-release tablets,nisoldipine 10mg modified-release tablets,nisoldipine,1
972241000033117,Modified-release tablet,Oral,20.000mg,2225,nisoldipine 20mg modified-release tablets,nisoldipine 20mg modified-release tablets,nisoldipine,1
972341000033110,Modified-release tablet,Oral,30.000mg,593,nisoldipine 30mg modified-release tablets,nisoldipine 30mg modified-release tablets,nisoldipine,1
972441000033116,Modified-release tablet,Oral,40.000mg,108528,nifedipine 40mg modified-release tablets,nifedipine 40mg modified-release tablets,nifedipine,1
974141000033119,Modified-release capsule,Oral,20.000mg,1065745,nifedipine 20mg modified-release capsules,nifedipine 20mg modified-release capsules,nifedipine,1
974941000033117,,,,157489,,nifedipine  tablets  20 mg,,1
977341000033113,,,,195124,,nifedipine  tablets  10 mg,,1
977441000033119,Tablet/ Oral Tablet,Oral,30.000mg,9567,nimodipine 30mg tablets,nimodipine 30mg tablets,nimodipine,1
977641000033117,,,,6180,,nifedipine  tablets  10 mg,,1
977741000033114,Tablet/ Oral Tablet,Oral,30.000mg,733,nimotop 30mg tablets,nimotop 30mg tablets (bayer plc),nimodipine,1
